# y,x
0,218
0,219
0,220
0,221
0,222
0,223
0,224
0,225
0,226
0,227
0,228
0,229
0,230
0,231
0,232
0,233
0,234
0,235
0,236
0,237
0,238
0,239
0,240
0,241
0,242
0,243
0,244
0,245
0,246
0,247
0,248
0,249
0,250
0,251
0,252
0,253
0,254
0,255
0,256
0,257
0,258
0,259
0,260
0,261
0,262
0,263
0,264
0,265
0,266
0,267
0,268
0,269
0,270
0,271
0,272
0,273
0,274
0,275
0,276
0,277
0,278
0,279
0,280
0,281
0,282
0,283
0,284
0,285
0,286
0,287
0,288
0,289
0,290
0,291
0,292
0,293
0,294
0,295
0,296
0,297
0,298
0,299
0,300
0,301
0,302
0,303
0,304
0,305
0,306
0,307
0,308
0,309
0,310
0,311
0,312
0,313
0,314
0,315
0,316
0,317
0,318
0,319
0,320
0,321
0,322
0,323
0,324
0,325
0,326
0,327
0,328
0,329
0,330
0,331
0,332
0,333
0,334
0,335
0,336
0,337
0,338
0,339
0,340
0,341
0,342
0,343
0,344
0,345
0,346
0,347
0,348
0,349
0,350
0,351
0,352
0,353
0,354
0,355
0,356
0,357
0,358
0,359
0,360
0,361
0,362
0,363
0,364
0,365
0,366
0,367
0,368
0,369
0,370
0,371
0,372
0,373
0,374
0,375
0,376
0,377
0,378
0,379
0,380
0,381
0,382
0,383
0,384
0,385
0,386
0,387
0,388
0,389
0,390
0,391
0,392
0,393
0,394
0,395
0,396
0,397
0,398
0,399
0,400
0,401
0,402
0,403
0,404
0,405
0,406
0,407
0,408
0,409
0,410
0,411
0,412
0,413
0,414
0,415
0,416
0,417
0,418
0,419
0,420
0,421
0,422
0,423
0,424
0,425
0,426
0,427
0,428
0,429
0,430
0,431
0,432
0,433
0,434
0,435
0,436
0,437
0,438
0,439
0,440
0,441
0,442
0,443
0,444
0,445
0,446
0,447
0,448
0,449
0,450
0,451
0,452
0,453
0,454
0,455
0,456
0,457
0,458
0,459
0,460
0,461
0,462
0,463
0,464
0,465
0,466
0,467
0,468
0,469
0,470
0,471
0,472
0,473
0,474
0,475
0,476
0,477
0,478
0,479
0,480
0,481
0,482
0,483
0,484
0,485
0,486
0,487
0,488
0,489
0,490
0,491
0,492
0,493
0,494
0,495
0,496
0,497
0,498
0,499
0,500
0,501
0,502
0,503
0,504
0,505
0,506
0,507
0,508
0,509
0,510
0,511
0,512
0,513
0,514
0,515
0,516
0,517
0,518
0,519
0,520
0,521
0,522
0,523
0,524
0,525
0,526
0,527
0,528
0,529
0,530
0,531
0,532
0,533
0,534
0,535
0,536
0,537
0,538
0,539
0,540
0,541
0,542
0,543
0,544
0,545
0,546
0,547
0,548
0,549
0,550
0,551
0,552
0,553
0,554
0,555
0,556
0,557
0,558
0,559
0,560
0,561
0,562
0,563
0,564
0,565
0,566
0,567
0,568
0,569
0,570
0,571
0,572
0,573
0,574
0,575
0,576
0,577
0,578
0,579
0,580
0,581
0,582
0,583
0,584
0,585
0,586
0,587
0,588
0,589
0,590
0,591
0,592
0,593
0,594
0,595
0,596
0,597
0,598
0,599
0,600
0,601
0,602
0,603
0,604
0,605
0,606
0,607
0,608
0,609
0,610
0,611
0,612
0,613
0,614
0,615
0,616
0,617
0,618
0,619
0,620
0,621
0,622
0,623
0,624
0,625
0,626
0,627
0,628
0,629
0,630
0,631
0,632
0,633
0,634
0,635
0,636
0,637
0,638
0,639
0,640
0,641
0,642
0,643
0,644
0,645
0,646
0,647
0,648
0,649
0,650
0,651
0,652
0,653
0,654
0,655
0,656
0,657
0,658
0,659
0,660
0,661
0,662
0,663
0,664
0,665
0,666
0,667
0,668
0,669
0,670
0,671
0,672
0,673
0,674
0,675
0,676
0,677
0,678
0,679
0,680
0,681
0,682
0,683
0,684
0,685
0,686
0,687
0,688
0,689
0,690
0,691
0,692
0,693
0,694
0,695
0,696
0,697
0,698
0,699
0,700
0,701
0,702
0,703
0,704
0,705
0,706
0,707
0,708
0,709
0,710
0,711
0,712
0,713
0,714
0,715
0,716
0,717
0,718
0,719
0,720
0,721
0,722
0,723
0,724
0,725
0,726
0,727
0,728
0,729
0,730
0,731
0,732
0,733
0,734
0,735
0,736
0,737
0,738
0,739
0,740
0,741
0,742
0,743
0,744
0,745
0,746
0,747
0,748
0,749
0,750
0,751
0,752
0,753
0,754
0,755
0,756
0,757
0,758
0,759
0,760
0,761
0,762
0,763
0,764
0,765
0,766
0,767
0,768
0,769
0,770
0,771
0,772
0,773
0,774
0,775
0,776
0,777
0,778
0,779
0,780
0,781
0,782
0,783
0,784
0,785
0,786
0,787
0,788
0,789
0,790
0,791
1,221
1,787
2,220
2,221
2,788
3,219
3,220
3,789
4,219
4,789
5,218
5,789
6,218
6,789
7,218
7,789
8,218
8,790
9,218
9,790
10,218
10,790
11,217
11,790
12,217
12,790
13,217
13,790
14,217
14,790
15,217
15,790
16,114
16,115
16,116
16,117
16,118
16,119
16,120
16,121
16,122
16,123
16,217
16,790
17,113
17,124
17,125
17,217
17,790
18,112
18,125
18,217
18,790
19,112
19,125
19,217
19,790
20,112
20,125
20,217
20,790
21,112
21,126
21,217
21,790
22,112
22,126
22,217
22,662
22,790
23,111
23,126
23,217
23,662
23,790
24,111
24,126
24,217
24,662
24,790
25,111
25,126
25,217
25,662
25,790
26,111
26,126
26,217
26,662
26,790
27,111
27,126
27,217
27,662
27,790
28,111
28,126
28,217
28,662
28,790
29,111
29,126
29,217
29,662
29,790
30,111
30,126
30,217
30,662
30,790
31,111
31,126
31,217
31,662
31,790
32,111
32,126
32,217
32,662
32,790
33,111
33,126
33,217
33,790
34,112
34,126
34,217
34,790
35,112
35,126
35,217
35,790
36,112
36,125
36,217
36,790
37,112
37,125
37,217
37,790
38,112
38,125
38,217
38,790
39,113
39,114
39,115
39,122
39,123
39,124
39,217
39,790
40,116
40,117
40,118
40,119
40,120
40,121
40,217
40,790
41,217
41,790
42,217
42,790
43,217
43,790
44,217
44,790
45,217
45,790
46,217
46,790
47,217
47,790
48,217
48,790
49,217
49,790
50,217
50,790
51,217
51,790
52,217
52,790
53,110
53,111
53,112
53,113
53,114
53,115
53,116
53,117
53,118
53,119
53,120
53,121
53,122
53,123
53,124
53,125
53,126
53,127
53,128
53,129
53,130
53,131
53,132
53,133
53,134
53,135
53,136
53,137
53,138
53,139
53,140
53,141
53,142
53,143
53,144
53,145
53,146
53,147
53,148
53,149
53,150
53,151
53,152
53,153
53,154
53,155
53,156
53,157
53,158
53,159
53,160
53,161
53,162
53,163
53,164
53,165
53,166
53,167
53,168
53,169
53,170
53,171
53,172
53,173
53,174
53,175
53,176
53,177
53,178
53,179
53,180
53,181
53,182
53,183
53,184
53,185
53,186
53,187
53,188
53,189
53,190
53,191
53,192
53,193
53,194
53,195
53,196
53,197
53,198
53,199
53,200
53,201
53,202
53,203
53,204
53,205
53,206
53,207
53,208
53,209
53,210
53,211
53,212
53,213
53,214
53,215
53,216
53,217
53,790
54,105
54,106
54,107
54,108
54,109
54,218
54,790
55,100
55,101
55,102
55,103
55,104
55,219
55,790
56,97
56,98
56,99
56,100
56,220
56,221
56,790
57,94
57,95
57,96
57,222
57,790
58,91
58,92
58,93
58,223
58,790
59,89
59,90
59,224
59,790
60,86
60,87
60,88
60,225
60,226
60,227
60,228
60,229
60,230
60,231
60,232
60,233
60,234
60,235
60,236
60,237
60,238
60,239
60,240
60,241
60,242
60,243
60,244
60,245
60,246
60,247
60,248
60,249
60,250
60,251
60,252
60,253
60,254
60,255
60,256
60,257
60,258
60,259
60,260
60,261
60,262
60,263
60,264
60,265
60,266
60,267
60,268
60,269
60,270
60,271
60,272
60,273
60,274
60,275
60,276
60,277
60,278
60,279
60,280
60,281
60,282
60,283
60,284
60,285
60,286
60,287
60,288
60,289
60,290
60,291
60,292
60,293
60,294
60,295
60,296
60,297
60,298
60,299
60,300
60,301
60,302
60,303
60,304
60,305
60,306
60,307
60,308
60,309
60,310
60,311
60,312
60,313
60,314
60,315
60,316
60,317
60,318
60,319
60,320
60,321
60,322
60,323
60,324
60,325
60,326
60,327
60,328
60,329
60,330
60,331
60,332
60,333
60,334
60,335
60,336
60,337
60,338
60,339
60,340
60,341
60,342
60,343
60,344
60,345
60,346
60,347
60,348
60,349
60,350
60,351
60,352
60,353
60,354
60,355
60,356
60,357
60,358
60,359
60,360
60,361
60,362
60,363
60,364
60,365
60,366
60,367
60,368
60,369
60,370
60,371
60,372
60,373
60,374
60,375
60,376
60,377
60,378
60,379
60,380
60,381
60,382
60,383
60,384
60,385
60,386
60,387
60,388
60,389
60,390
60,391
60,392
60,393
60,394
60,395
60,396
60,397
60,398
60,399
60,400
60,401
60,402
60,403
60,404
60,405
60,406
60,407
60,408
60,409
60,410
60,411
60,412
60,413
60,414
60,415
60,416
60,417
60,418
60,419
60,420
60,421
60,422
60,423
60,424
60,425
60,426
60,427
60,428
60,429
60,430
60,431
60,432
60,433
60,434
60,435
60,436
60,437
60,438
60,439
60,440
60,441
60,442
60,443
60,444
60,445
60,446
60,447
60,448
60,449
60,450
60,451
60,452
60,453
60,454
60,455
60,456
60,457
60,458
60,459
60,460
60,461
60,462
60,463
60,464
60,465
60,466
60,467
60,468
60,469
60,470
60,471
60,472
60,473
60,474
60,475
60,476
60,477
60,478
60,479
60,480
60,481
60,482
60,483
60,484
60,485
60,486
60,487
60,488
60,489
60,490
60,491
60,492
60,493
60,494
60,495
60,496
60,497
60,498
60,499
60,500
60,501
60,502
60,503
60,504
60,505
60,506
60,507
60,508
60,509
60,510
60,511
60,512
60,513
60,514
60,515
60,516
60,517
60,518
60,519
60,520
60,521
60,522
60,523
60,524
60,525
60,526
60,527
60,528
60,529
60,530
60,531
60,532
60,533
60,534
60,535
60,536
60,537
60,538
60,539
60,540
60,541
60,542
60,543
60,544
60,545
60,546
60,547
60,548
60,549
60,550
60,551
60,552
60,553
60,554
60,555
60,556
60,557
60,558
60,559
60,560
60,561
60,562
60,563
60,564
60,565
60,566
60,567
60,568
60,569
60,570
60,571
60,572
60,573
60,574
60,575
60,576
60,577
60,578
60,579
60,580
60,581
60,582
60,583
60,584
60,585
60,586
60,587
60,588
60,589
60,590
60,591
60,592
60,593
60,594
60,595
60,596
60,597
60,598
60,599
60,600
60,601
60,602
60,603
60,604
60,605
60,606
60,607
60,608
60,609
60,610
60,611
60,612
60,613
60,614
60,615
60,616
60,617
60,618
60,619
60,620
60,621
60,622
60,623
60,624
60,625
60,626
60,627
60,628
60,629
60,630
60,631
60,632
60,633
60,634
60,635
60,636
60,637
60,638
60,639
60,640
60,641
60,642
60,643
60,644
60,645
60,646
60,647
60,648
60,649
60,650
60,651
60,652
60,653
60,654
60,655
60,656
60,657
60,658
60,659
60,660
60,661
60,662
60,663
60,790
61,84
61,85
61,224
61,225
61,664
61,665
61,666
61,667
61,668
61,669
61,670
61,671
61,672
61,673
61,674
61,675
61,676
61,790
62,82
62,83
62,223
62,224
62,677
62,678
62,679
62,680
62,790
63,80
63,81
63,222
63,223
63,681
63,682
63,790
64,79
64,221
64,222
64,683
64,684
64,685
64,790
65,77
65,78
65,219
65,220
65,221
65,686
65,687
65,688
65,790
66,76
66,218
66,219
66,689
66,690
66,790
67,74
67,75
67,217
67,218
67,691
67,692
67,693
67,790
68,73
68,74
68,111
68,112
68,113
68,114
68,115
68,116
68,117
68,118
68,119
68,120
68,121
68,122
68,123
68,124
68,125
68,126
68,127
68,128
68,129
68,130
68,131
68,132
68,133
68,134
68,135
68,136
68,137
68,138
68,139
68,140
68,141
68,142
68,143
68,144
68,145
68,146
68,147
68,148
68,149
68,150
68,151
68,152
68,153
68,154
68,155
68,156
68,157
68,158
68,159
68,160
68,161
68,162
68,163
68,164
68,165
68,166
68,167
68,168
68,169
68,170
68,171
68,172
68,173
68,174
68,175
68,176
68,177
68,178
68,179
68,180
68,181
68,182
68,183
68,184
68,185
68,186
68,187
68,188
68,189
68,190
68,191
68,192
68,193
68,194
68,195
68,196
68,197
68,198
68,199
68,200
68,201
68,202
68,203
68,204
68,205
68,206
68,207
68,208
68,209
68,210
68,211
68,212
68,213
68,214
68,215
68,216
68,217
68,693
68,694
68,790
69,72
69,106
69,107
69,108
69,109
69,110
69,217
69,695
69,696
69,790
70,70
70,71
70,102
70,103
70,104
70,105
70,217
70,697
70,698
70,790
71,69
71,70
71,99
71,100
71,101
71,102
71,217
71,699
71,790
72,68
72,69
72,96
72,97
72,98
72,99
72,217
72,700
72,701
72,790
73,67
73,68
73,94
73,95
73,96
73,217
73,702
73,790
74,66
74,92
74,93
74,217
74,703
74,704
74,790
75,65
75,90
75,91
75,217
75,705
75,790
76,64
76,88
76,89
76,217
76,706
76,790
77,63
77,87
77,217
77,707
77,790
78,62
78,85
78,86
78,217
78,708
78,790
79,61
79,84
79,217
79,709
79,790
80,60
80,61
80,82
80,83
80,217
80,710
80,790
81,59
81,60
81,81
81,217
81,711
81,790
82,59
82,80
82,217
82,712
82,790
83,58
83,79
83,217
83,713
83,790
84,57
84,78
84,217
84,714
84,790
85,56
85,76
85,77
85,217
85,715
85,790
86,56
86,75
86,76
86,217
86,716
86,790
87,55
87,74
87,75
87,217
87,717
87,790
88,54
88,74
88,217
88,266
88,717
88,790
89,54
89,73
89,217
89,266
89,497
89,718
89,790
90,53
90,72
90,217
90,266
90,497
90,719
90,790
91,52
91,71
91,217
91,266
91,497
91,720
91,790
92,52
92,70
92,217
92,266
92,497
92,720
92,790
93,51
93,69
93,217
93,266
93,497
93,721
93,790
94,51
94,69
94,217
94,266
94,497
94,721
94,790
95,50
95,68
95,217
95,266
95,497
95,722
95,790
96,50
96,67
96,217
96,266
96,497
96,723
96,790
97,49
97,67
97,217
97,266
97,497
97,723
97,790
98,49
98,66
98,217
98,724
98,790
99,48
99,65
99,217
99,724
99,790
100,48
100,65
100,217
100,725
100,790
101,47
101,64
101,217
101,725
101,790
102,47
102,64
102,217
102,725
102,726
102,790
103,47
103,63
103,217
103,726
103,790
104,46
104,63
104,217
104,726
104,727
104,790
105,46
105,62
105,217
105,727
105,790
106,46
106,62
106,217
106,727
106,790
107,45
107,61
107,62
107,217
107,727
107,728
107,790
108,45
108,61
108,217
108,728
108,790
109,45
109,61
109,217
109,728
109,790
110,44
110,60
110,217
110,728
110,790
111,44
111,60
111,217
111,729
111,790
112,44
112,60
112,217
112,729
112,790
113,44
113,59
113,60
113,217
113,729
113,790
114,43
114,59
114,217
114,729
114,790
115,43
115,59
115,217
115,730
115,790
116,43
116,59
116,217
116,730
116,790
117,43
117,58
117,217
117,730
117,790
118,43
118,58
118,217
118,730
118,790
119,42
119,58
119,217
119,730
119,790
120,42
120,58
120,217
120,730
120,790
121,42
121,57
121,217
121,730
121,731
121,790
122,42
122,57
122,217
122,731
122,790
123,42
123,57
123,217
123,731
123,790
124,42
124,57
124,217
124,731
124,790
125,42
125,57
125,217
125,731
125,790
126,41
126,57
126,217
126,731
126,790
127,41
127,57
127,217
127,731
127,790
128,41
128,57
128,217
128,731
128,790
129,41
129,57
129,217
129,731
129,790
130,41
130,57
130,217
130,731
130,790
131,41
131,57
131,217
131,731
131,790
132,41
132,57
132,217
132,731
132,790
133,41
133,57
133,217
133,731
133,790
134,41
134,57
134,217
134,731
134,790
135,42
135,57
135,217
135,731
135,790
136,42
136,57
136,217
136,731
136,790
137,42
137,57
137,217
137,731
137,790
138,42
138,57
138,217
138,731
138,790
139,42
139,57
139,217
139,731
139,790
140,42
140,58
140,217
140,730
140,790
141,42
141,58
141,217
141,730
141,790
142,42
142,58
142,217
142,730
142,790
143,43
143,58
143,217
143,730
143,790
144,43
144,58
144,217
144,730
144,790
145,43
145,59
145,217
145,730
145,790
146,43
146,59
146,217
146,730
146,790
147,43
147,44
147,59
147,217
147,729
147,790
148,44
148,59
148,60
148,217
148,729
148,790
149,44
149,60
149,217
149,729
149,790
150,44
150,60
150,217
150,729
150,790
151,44
151,45
151,60
151,61
151,217
151,728
151,790
152,45
152,61
152,217
152,728
152,790
153,45
153,61
153,217
153,728
153,790
154,45
154,62
154,217
154,727
154,728
154,790
155,46
155,62
155,114
155,115
155,116
155,117
155,118
155,119
155,120
155,121
155,122
155,123
155,217
155,727
155,790
156,46
156,62
156,63
156,113
156,124
156,125
156,217
156,727
156,790
157,46
157,63
157,112
157,125
157,217
157,726
157,790
158,47
158,63
158,112
158,125
158,217
158,726
158,790
159,47
159,64
159,112
159,125
159,217
159,725
159,726
159,790
160,48
160,64
160,112
160,126
160,217
160,725
160,790
161,48
161,65
161,112
161,126
161,217
161,724
161,725
161,790
162,48
162,66
162,111
162,126
162,217
162,724
162,790
163,49
163,66
163,111
163,126
163,217
163,724
163,790
164,49
164,67
164,111
164,126
164,217
164,723
164,790
165,50
165,67
165,111
165,126
165,217
165,722
165,790
166,50
166,68
166,111
166,126
166,217
166,722
166,790
167,51
167,69
167,111
167,126
167,217
167,721
167,790
168,51
168,70
168,111
168,126
168,217
168,721
168,790
169,52
169,70
169,111
169,126
169,217
169,720
169,790
170,53
170,71
170,111
170,126
170,217
170,719
170,790
171,53
171,72
171,111
171,126
171,217
171,719
171,790
172,54
172,73
172,111
172,126
172,217
172,718
172,790
173,55
173,74
173,112
173,126
173,217
173,717
173,790
174,55
174,75
174,112
174,126
174,217
174,716
174,790
175,56
175,76
175,112
175,125
175,217
175,715
175,716
175,790
176,57
176,77
176,112
176,125
176,217
176,715
176,790
177,57
177,58
177,78
177,79
177,112
177,125
177,217
177,714
177,790
178,58
178,79
178,80
178,113
178,114
178,115
178,122
178,123
178,124
178,217
178,713
178,790
179,59
179,81
179,116
179,117
179,118
179,119
179,120
179,121
179,217
179,712
179,790
180,60
180,82
180,217
180,711
180,790
181,61
181,83
181,84
181,217
181,710
181,790
182,62
182,85
182,217
182,709
182,790
183,63
183,86
183,87
183,217
183,708
183,790
184,64
184,88
184,89
184,217
184,706
184,707
184,790
185,65
185,90
185,91
185,217
185,705
185,790
186,66
186,92
186,93
186,217
186,704
186,790
187,67
187,93
187,94
187,95
187,217
187,703
187,790
188,68
188,96
188,97
188,98
188,217
188,701
188,702
188,790
189,69
189,70
189,98
189,99
189,100
189,101
189,217
189,700
189,790
190,70
190,71
190,101
190,102
190,103
190,104
190,105
190,217
190,698
190,699
190,790
191,71
191,72
191,106
191,107
191,108
191,109
191,110
191,111
191,112
191,113
191,114
191,115
191,217
191,696
191,697
191,790
192,73
192,115
192,116
192,117
192,118
192,119
192,120
192,121
192,122
192,123
192,124
192,125
192,126
192,127
192,128
192,217
192,694
192,695
192,696
192,790
193,74
193,75
193,129
193,130
193,131
193,132
193,133
193,217
193,692
193,693
193,694
193,790
194,76
194,134
194,135
194,136
194,137
194,138
194,217
194,690
194,691
194,692
194,790
195,77
195,78
195,138
195,139
195,140
195,141
195,217
195,687
195,688
195,689
195,790
196,79
196,80
196,141
196,142
196,143
196,144
196,217
196,684
196,685
196,686
196,687
196,790
197,81
197,145
197,146
197,147
197,217
197,336
197,368
197,401
197,433
197,466
197,499
197,531
197,564
197,680
197,681
197,682
197,683
197,790
198,82
198,83
198,148
198,149
198,217
198,335
198,368
198,400
198,433
198,466
198,498
198,531
198,563
198,674
198,675
198,676
198,677
198,678
198,679
198,790
199,84
199,85
199,150
199,151
199,217
199,335
199,368
199,400
199,433
199,466
199,498
199,531
199,563
199,667
199,668
199,669
199,670
199,671
199,672
199,673
199,790
200,86
200,87
200,152
200,153
200,154
200,217
200,305
200,306
200,307
200,308
200,309
200,310
200,311
200,312
200,313
200,314
200,315
200,316
200,317
200,318
200,319
200,320
200,321
200,322
200,323
200,335
200,348
200,349
200,350
200,351
200,352
200,353
200,354
200,355
200,368
200,380
200,381
200,382
200,383
200,384
200,385
200,386
200,387
200,388
200,400
200,413
200,414
200,415
200,416
200,417
200,418
200,419
200,420
200,421
200,433
200,446
200,447
200,448
200,449
200,450
200,451
200,452
200,453
200,466
200,478
200,479
200,480
200,481
200,482
200,483
200,484
200,485
200,486
200,498
200,511
200,512
200,513
200,514
200,515
200,516
200,517
200,518
200,531
200,543
200,544
200,545
200,546
200,547
200,548
200,549
200,550
200,551
200,563
200,576
200,577
200,578
200,579
200,580
200,581
200,582
200,583
200,599
200,600
200,601
200,602
200,603
200,604
200,605
200,606
200,607
200,608
200,609
200,610
200,611
200,612
200,613
200,614
200,615
200,616
200,617
200,618
200,619
200,620
200,621
200,622
200,623
200,624
200,625
200,626
200,627
200,628
200,629
200,630
200,631
200,632
200,633
200,634
200,635
200,636
200,637
200,638
200,639
200,640
200,641
200,642
200,643
200,644
200,645
200,646
200,647
200,648
200,649
200,650
200,651
200,652
200,653
200,654
200,655
200,656
200,657
200,658
200,659
200,660
200,661
200,662
200,663
200,664
200,665
200,666
200,790
201,88
201,89
201,90
201,155
201,217
201,302
201,303
201,304
201,305
201,335
201,368
201,400
201,433
201,466
201,498
201,531
201,563
201,790
202,91
202,92
202,156
202,157
202,217
202,298
202,299
202,300
202,301
202,368
202,400
202,433
202,466
202,498
202,531
202,563
202,790
203,93
203,94
203,95
203,158
203,159
203,217
203,296
203,297
203,790
204,96
204,97
204,98
204,99
204,160
204,161
204,217
204,293
204,294
204,295
204,790
205,99
205,100
205,101
205,102
205,103
205,161
205,162
205,217
205,291
205,292
205,293
205,790
206,103
206,104
206,105
206,106
206,107
206,108
206,109
206,110
206,163
206,217
206,288
206,289
206,290
206,790
207,111
207,112
207,113
207,114
207,115
207,116
207,117
207,118
207,119
207,120
207,121
207,122
207,123
207,124
207,125
207,126
207,127
207,164
207,165
207,217
207,287
207,288
207,790
208,128
208,129
208,130
208,131
208,165
208,166
208,217
208,285
208,286
208,790
209,132
209,133
209,134
209,135
209,167
209,217
209,283
209,284
209,790
210,136
210,137
210,138
210,139
210,168
210,217
210,281
210,282
210,790
211,139
211,140
211,141
211,169
211,170
211,217
211,280
211,281
211,790
212,142
212,143
212,170
212,171
212,217
212,279
212,790
213,144
213,145
213,146
213,171
213,172
213,217
213,277
213,278
213,790
214,147
214,148
214,172
214,173
214,217
214,276
214,790
215,149
215,173
215,174
215,217
215,275
215,790
216,150
216,151
216,174
216,175
216,217
216,273
216,274
216,790
217,152
217,153
217,175
217,217
217,272
217,273
217,790
218,154
218,176
218,217
218,271
218,272
218,790
219,155
219,177
219,217
219,270
219,790
220,115
220,116
220,117
220,118
220,119
220,120
220,121
220,122
220,123
220,156
220,157
220,178
220,217
220,269
220,790
221,113
221,114
221,124
221,125
221,158
221,179
221,217
221,268
221,790
222,112
222,125
222,159
222,179
222,180
222,217
222,267
222,790
223,112
223,125
223,160
223,180
223,217
223,266
223,267
223,790
224,112
224,125
224,161
224,181
224,217
224,266
224,790
225,112
225,126
225,162
225,182
225,217
225,265
225,790
226,112
226,126
226,163
226,182
226,217
226,264
226,662
226,790
227,111
227,126
227,164
227,183
227,217
227,263
227,662
227,790
228,111
228,126
228,165
228,184
228,217
228,262
228,318
228,662
228,790
229,111
229,126
229,166
229,184
229,217
229,262
229,318
229,662
229,791
230,111
230,126
230,167
230,185
230,217
230,261
230,318
230,662
230,790
230,791
231,111
231,126
231,167
231,185
231,217
231,260
231,318
231,662
231,790
231,792
231,793
231,794
231,795
231,796
231,797
231,813
231,814
231,815
231,816
231,817
231,818
231,819
231,820
231,821
231,822
231,823
231,824
231,825
231,826
231,827
231,828
231,829
231,830
231,831
231,832
231,840
232,111
232,126
232,168
232,186
232,217
232,260
232,318
232,662
232,790
232,798
232,799
232,800
232,801
232,802
232,803
232,804
232,805
232,806
232,807
232,808
232,809
232,810
232,811
232,812
232,833
232,840
233,111
233,126
233,169
233,186
233,217
233,259
233,318
233,662
233,790
234,111
234,126
234,170
234,187
234,217
234,258
234,259
234,318
234,662
234,790
235,111
235,126
235,170
235,187
235,217
235,258
235,318
235,662
235,790
236,111
236,126
236,171
236,188
236,217
236,257
236,258
236,318
236,662
236,790
237,111
237,126
237,172
237,188
237,217
237,257
237,790
238,112
238,126
238,172
238,189
238,217
238,256
238,257
238,790
239,112
239,126
239,173
239,189
239,217
239,256
239,790
240,112
240,125
240,173
240,190
240,217
240,255
240,256
240,790
241,112
241,125
241,174
241,190
241,217
241,255
241,587
241,790
241,845
242,112
242,125
242,174
242,191
242,217
242,254
242,255
242,790
242,845
243,113
243,114
243,115
243,122
243,123
243,124
243,175
243,191
243,217
243,254
243,790
243,845
244,116
244,117
244,118
244,119
244,120
244,121
244,175
244,191
244,217
244,254
244,399
244,790
244,794
244,804
244,812
244,813
244,845
245,176
245,192
245,217
245,253
245,790
245,791
245,792
245,793
245,829
245,845
246,176
246,192
246,217
246,253
246,791
246,829
246,845
247,176
247,177
247,192
247,217
247,253
247,791
247,830
247,845
248,177
248,192
248,193
248,217
248,252
248,790
248,831
248,845
249,177
249,193
249,217
249,252
249,790
249,831
249,832
249,845
250,177
250,178
250,193
250,217
250,252
250,790
250,832
250,845
251,178
251,193
251,194
251,217
251,251
251,790
251,832
251,845
252,178
252,194
252,217
252,251
252,790
252,832
252,845
253,178
253,194
253,217
253,251
253,790
253,832
253,845
254,179
254,194
254,217
254,250
254,790
254,832
254,844
255,179
255,194
255,217
255,250
255,790
255,832
255,844
256,179
256,194
256,217
256,250
256,790
256,832
256,844
257,179
257,194
257,217
257,250
257,790
257,832
257,844
258,179
258,195
258,217
258,250
258,790
258,832
258,844
259,179
259,195
259,217
259,249
259,250
259,791
259,832
259,844
260,180
260,195
260,217
260,249
260,791
260,832
260,844
261,180
261,195
261,217
261,249
261,790
261,832
261,844
262,180
262,195
262,217
262,249
262,790
262,832
262,844
263,180
263,195
263,217
263,249
263,790
263,832
263,844
264,180
264,195
264,217
264,249
264,790
264,832
264,844
265,180
265,195
265,217
265,249
265,790
265,844
266,180
266,195
266,217
266,249
266,790
266,844
267,180
267,195
267,217
267,249
267,790
267,845
268,180
268,195
268,217
268,249
268,790
268,845
269,180
269,195
269,217
269,249
269,790
269,845
270,180
270,195
270,217
270,249
270,790
270,845
271,180
271,195
271,217
271,249
271,790
271,845
272,180
272,195
272,217
272,249
272,790
272,845
273,180
273,195
273,217
273,249
273,790
273,845
274,180
274,195
274,217
274,249
274,790
274,832
274,845
275,180
275,195
275,217
275,249
275,790
275,832
275,845
276,180
276,195
276,217
276,249
276,790
276,832
276,845
277,180
277,195
277,217
277,249
277,790
277,832
277,845
278,180
278,195
278,217
278,249
278,790
278,832
278,845
279,179
279,195
279,217
279,249
279,790
279,832
279,845
280,179
280,195
280,217
280,250
280,790
280,832
280,845
281,179
281,195
281,217
281,250
281,790
281,832
281,845
282,179
282,194
282,217
282,250
282,790
282,845
283,179
283,194
283,217
283,250
283,790
283,845
284,179
284,194
284,217
284,250
284,790
284,845
285,178
285,194
285,217
285,251
285,789
285,844
286,178
286,194
286,217
286,251
286,789
286,844
287,178
287,193
287,194
287,217
287,251
287,789
287,844
288,177
288,178
288,193
288,217
288,252
288,789
288,844
289,177
289,193
289,217
289,252
289,789
289,844
290,177
290,193
290,217
290,252
290,789
290,844
291,176
291,177
291,192
291,193
291,217
291,253
291,789
291,845
292,176
292,192
292,217
292,253
292,789
292,845
293,176
293,192
293,217
293,253
293,789
293,845
294,115
294,116
294,117
294,118
294,119
294,120
294,121
294,122
294,123
294,175
294,191
294,192
294,217
294,254
294,790
294,845
295,113
295,114
295,124
295,125
295,175
295,191
295,217
295,254
295,790
295,845
296,113
296,125
296,174
296,191
296,217
296,254
296,255
296,790
296,845
297,112
297,125
297,174
297,190
297,217
297,255
297,790
297,845
298,112
298,125
298,173
298,190
298,217
298,255
298,256
298,790
298,832
298,845
299,112
299,126
299,173
299,190
299,217
299,256
299,790
299,832
299,845
300,112
300,126
300,172
300,189
300,217
300,256
300,790
300,832
300,845
301,111
301,126
301,172
301,189
301,217
301,257
301,466
301,790
301,832
301,845
302,111
302,126
302,171
302,188
302,217
302,257
302,318
302,466
302,790
302,832
302,845
303,111
303,126
303,170
303,188
303,217
303,258
303,318
303,466
303,790
303,832
303,844
304,111
304,126
304,170
304,187
304,217
304,258
304,318
304,466
304,790
304,804
304,832
304,844
305,111
305,126
305,169
305,187
305,217
305,259
305,318
305,466
305,790
305,803
305,832
305,844
306,111
306,126
306,168
306,186
306,217
306,260
306,318
306,466
306,790
306,803
306,832
306,844
307,111
307,126
307,167
307,186
307,217
307,260
307,318
307,466
307,789
307,802
307,832
307,844
308,111
308,126
308,167
308,185
308,217
308,261
308,318
308,466
308,789
308,832
308,844
309,111
309,126
309,166
309,184
309,217
309,262
309,318
309,466
309,789
309,801
309,832
309,844
310,111
310,126
310,165
310,184
310,217
310,262
310,318
310,466
310,789
310,832
310,844
311,111
311,126
311,164
311,183
311,217
311,263
311,789
311,800
311,832
311,844
312,112
312,126
312,163
312,182
312,217
312,264
312,789
312,799
312,844
313,112
313,126
313,162
313,182
313,217
313,265
313,789
313,798
313,844
314,112
314,125
314,161
314,181
314,217
314,265
314,789
314,798
314,844
315,112
315,125
315,160
315,180
315,217
315,266
315,789
315,844
316,112
316,125
316,159
316,180
316,217
316,267
316,789
316,844
317,113
317,114
317,115
317,122
317,123
317,124
317,158
317,179
317,217
317,268
317,789
317,845
318,116
318,117
318,118
318,119
318,120
318,121
318,156
318,157
318,178
318,217
318,269
318,790
318,845
319,155
319,177
319,217
319,270
319,790
319,832
319,845
320,154
320,176
320,177
320,217
320,271
320,790
320,832
320,845
321,152
321,153
321,175
321,176
321,217
321,272
321,790
321,832
321,845
322,150
322,151
322,175
322,217
322,273
322,274
322,790
322,832
322,845
323,149
323,174
323,217
323,275
323,791
323,832
323,845
324,147
324,148
324,173
324,217
324,276
324,791
324,832
324,845
325,145
325,146
325,171
325,172
325,217
325,277
325,278
325,791
325,832
325,845
326,142
326,143
326,144
326,170
326,171
326,217
326,279
326,791
326,832
326,845
327,139
327,140
327,141
327,142
327,169
327,170
327,217
327,280
327,281
327,791
327,832
327,844
328,136
328,137
328,138
328,139
328,168
328,217
328,281
328,282
328,541
328,791
328,832
328,844
329,132
329,133
329,134
329,135
329,136
329,167
329,217
329,283
329,284
329,541
329,791
329,832
329,844
330,121
330,122
330,123
330,124
330,125
330,126
330,127
330,128
330,129
330,130
330,131
330,165
330,166
330,217
330,285
330,286
330,541
330,791
330,832
330,844
331,110
331,111
331,112
331,113
331,114
331,115
331,116
331,117
331,118
331,119
331,120
331,121
331,164
331,165
331,217
331,286
331,287
331,288
331,541
331,791
331,832
331,844
332,105
332,106
332,107
332,108
332,109
332,163
332,217
332,288
332,289
332,290
332,541
332,791
332,844
333,100
333,101
333,102
333,103
333,104
333,161
333,162
333,217
333,290
333,291
333,292
333,541
333,791
333,844
334,97
334,98
334,99
334,100
334,160
334,217
334,293
334,294
334,295
334,539
334,540
334,791
334,844
335,94
335,95
335,96
335,158
335,159
335,217
335,296
335,297
335,298
335,538
335,539
335,791
335,844
336,91
336,92
336,93
336,156
336,157
336,217
336,299
336,300
336,301
336,302
336,303
336,538
336,791
336,844
337,89
337,90
337,154
337,155
337,217
337,304
337,305
337,306
337,307
337,308
337,309
337,537
337,791
337,844
338,86
338,87
338,88
338,152
338,153
338,217
338,310
338,311
338,312
338,313
338,314
338,315
338,316
338,317
338,318
338,319
338,320
338,321
338,322
338,323
338,324
338,325
338,326
338,327
338,328
338,329
338,330
338,331
338,332
338,333
338,334
338,335
338,336
338,337
338,338
338,339
338,340
338,341
338,342
338,343
338,344
338,345
338,346
338,347
338,348
338,349
338,350
338,351
338,352
338,353
338,354
338,355
338,356
338,357
338,358
338,359
338,360
338,361
338,362
338,363
338,364
338,365
338,366
338,367
338,368
338,369
338,370
338,371
338,372
338,373
338,374
338,375
338,376
338,377
338,378
338,379
338,380
338,381
338,382
338,383
338,384
338,385
338,386
338,387
338,388
338,389
338,390
338,391
338,392
338,393
338,394
338,395
338,396
338,397
338,398
338,399
338,400
338,401
338,402
338,403
338,404
338,405
338,406
338,407
338,408
338,409
338,410
338,411
338,412
338,413
338,414
338,415
338,416
338,417
338,418
338,419
338,420
338,421
338,422
338,423
338,424
338,425
338,426
338,427
338,428
338,429
338,430
338,431
338,432
338,433
338,434
338,435
338,436
338,437
338,438
338,439
338,440
338,441
338,442
338,443
338,444
338,445
338,446
338,447
338,448
338,449
338,450
338,451
338,452
338,453
338,454
338,455
338,456
338,457
338,458
338,459
338,460
338,461
338,462
338,463
338,464
338,465
338,466
338,467
338,468
338,469
338,470
338,471
338,472
338,473
338,536
338,655
338,656
338,657
338,658
338,659
338,660
338,661
338,662
338,663
338,664
338,665
338,666
338,667
338,668
338,669
338,670
338,671
338,791
338,844
339,84
339,85
339,150
339,151
339,217
339,474
339,475
339,476
339,477
339,478
339,479
339,534
339,535
339,649
339,650
339,651
339,652
339,653
339,654
339,671
339,672
339,673
339,674
339,675
339,676
339,791
339,844
340,82
340,83
340,148
340,149
340,217
340,480
340,481
340,482
340,483
340,646
340,647
340,648
340,677
340,678
340,679
340,680
340,791
340,844
341,81
341,145
341,146
341,147
341,217
341,484
341,485
341,486
341,642
341,643
341,644
341,645
341,681
341,682
341,683
341,791
341,844
342,79
342,80
342,142
342,143
342,144
342,217
342,487
342,488
342,489
342,639
342,640
342,641
342,684
342,685
342,686
342,791
342,845
343,77
343,78
343,138
343,139
343,140
343,141
343,142
343,217
343,489
343,490
343,491
343,492
343,636
343,637
343,638
343,639
343,686
343,687
343,688
343,689
343,791
343,845
344,76
344,134
344,135
344,136
344,137
344,138
344,217
344,492
344,493
344,494
344,634
344,635
344,636
344,689
344,690
344,691
344,791
344,845
345,74
345,75
345,126
345,127
345,128
345,129
345,130
345,131
345,132
345,133
345,217
345,494
345,495
345,496
345,632
345,633
345,692
345,693
345,791
345,832
345,845
346,73
346,74
346,111
346,112
346,113
346,114
346,115
346,116
346,117
346,118
346,119
346,120
346,121
346,122
346,123
346,124
346,125
346,217
346,497
346,498
346,630
346,631
346,694
346,695
346,791
346,832
346,845
347,72
347,106
347,107
347,108
347,109
347,110
347,217
347,499
347,500
347,628
347,629
347,696
347,697
347,790
347,845
348,70
348,71
348,102
348,103
348,104
348,105
348,217
348,500
348,501
348,627
348,698
348,790
348,845
349,69
349,70
349,99
349,100
349,101
349,102
349,217
349,502
349,503
349,625
349,626
349,699
349,700
349,790
349,845
350,68
350,69
350,97
350,98
350,99
350,217
350,504
350,505
350,623
350,624
350,701
350,790
350,845
351,67
351,68
351,94
351,95
351,96
351,217
351,506
351,622
351,702
351,703
351,790
351,845
352,66
352,92
352,93
352,217
352,507
352,621
352,704
352,790
352,844
353,65
353,90
353,91
353,217
353,508
353,619
353,620
353,705
353,706
353,790
353,844
354,64
354,88
354,89
354,217
354,509
354,510
354,618
354,619
354,706
354,707
354,790
354,844
355,63
355,87
355,217
355,511
355,617
355,708
355,790
355,844
356,62
356,85
356,86
356,217
356,512
356,616
356,709
356,790
356,845
357,61
357,84
357,217
357,513
357,615
357,710
357,790
357,845
358,60
358,61
358,82
358,83
358,217
358,514
358,614
358,711
358,790
358,845
359,59
359,60
359,81
359,115
359,116
359,117
359,118
359,119
359,120
359,121
359,122
359,123
359,217
359,515
359,613
359,712
359,790
359,845
360,59
360,80
360,113
360,114
360,124
360,125
360,217
360,516
360,612
360,713
360,790
360,845
361,58
361,78
361,79
361,112
361,125
361,217
361,517
361,611
361,714
361,790
361,832
361,845
362,57
362,77
362,78
362,112
362,125
362,217
362,518
362,610
362,715
362,790
362,845
363,56
363,76
363,112
363,125
363,217
363,519
363,609
363,715
363,790
363,845
364,56
364,75
364,112
364,126
364,217
364,520
364,608
364,716
364,790
364,845
365,55
365,74
365,112
365,126
365,217
365,521
365,607
365,717
365,790
365,845
366,54
366,73
366,111
366,126
366,217
366,522
366,606
366,718
366,791
366,844
367,53
367,54
367,72
367,73
367,111
367,126
367,217
367,523
367,605
367,719
367,790
367,791
367,845
368,53
368,72
368,111
368,126
368,217
368,524
368,604
368,719
368,790
368,792
368,793
369,52
369,71
369,111
369,126
369,217
369,525
369,603
369,720
369,789
369,794
369,795
370,52
370,70
370,111
370,126
370,217
370,526
370,602
370,721
370,789
370,796
370,797
371,51
371,69
371,111
371,126
371,217
371,527
371,601
371,721
371,789
371,797
372,51
372,68
372,111
372,126
372,217
372,528
372,600
372,722
372,789
372,797
372,798
373,50
373,68
373,111
373,126
373,217
373,529
373,599
373,722
373,789
373,798
374,50
374,67
374,111
374,126
374,217
374,530
374,598
374,723
374,789
374,798
374,845
375,49
375,66
375,111
375,126
375,217
375,531
375,597
375,723
375,789
375,799
375,845
376,49
376,66
376,111
376,126
376,217
376,532
376,596
376,724
376,789
376,799
376,800
376,845
377,48
377,65
377,112
377,126
377,217
377,533
377,595
377,724
377,789
377,800
377,845
378,48
378,65
378,112
378,126
378,217
378,534
378,594
378,633
378,725
378,789
378,800
378,801
378,845
379,47
379,64
379,112
379,125
379,217
379,535
379,593
379,633
379,725
379,789
379,801
379,802
379,845
380,47
380,64
380,112
380,125
380,217
380,536
380,592
380,634
380,726
380,790
380,802
380,845
381,47
381,63
381,112
381,125
381,217
381,537
381,591
381,635
381,726
381,790
381,802
381,803
381,845
382,46
382,63
382,113
382,114
382,115
382,122
382,123
382,124
382,217
382,538
382,590
382,636
382,727
382,790
382,803
382,845
383,46
383,62
383,116
383,117
383,118
383,119
383,120
383,121
383,217
383,539
383,589
383,637
383,727
383,790
383,804
383,845
384,46
384,62
384,217
384,540
384,588
384,638
384,727
384,728
384,790
384,804
384,844
385,45
385,61
385,217
385,541
385,587
385,639
385,728
385,790
385,805
385,844
386,45
386,61
386,217
386,542
386,586
386,728
386,790
386,805
386,844
387,45
387,60
387,61
387,217
387,543
387,585
387,728
387,790
387,806
387,844
388,44
388,60
388,217
388,544
388,584
388,729
388,790
388,806
388,807
388,844
389,44
389,60
389,217
389,545
389,583
389,729
389,790
389,807
389,844
390,44
390,59
390,60
390,217
390,546
390,582
390,729
390,790
390,807
390,832
390,844
391,44
391,59
391,217
391,547
391,581
391,729
391,790
391,808
391,845
392,43
392,59
392,217
392,548
392,580
392,730
392,790
392,808
392,809
392,845
393,43
393,59
393,217
393,549
393,579
393,730
393,790
393,809
393,845
394,43
394,58
394,217
394,550
394,578
394,730
394,791
394,810
394,845
395,43
395,58
395,217
395,551
395,577
395,730
395,791
395,811
395,845
396,43
396,58
396,217
396,552
396,576
396,730
396,791
396,811
396,845
397,42
397,58
397,217
397,553
397,575
397,730
397,791
397,792
397,832
397,845
398,42
398,57
398,217
398,554
398,574
398,730
398,790
398,793
398,794
398,845
399,42
399,57
399,217
399,555
399,573
399,731
399,790
399,795
399,845
400,42
400,57
400,217
400,556
400,572
400,731
400,790
400,845
401,42
401,57
401,217
401,557
401,571
401,731
401,790
401,845
402,42
402,57
402,217
402,558
402,570
402,731
402,790
402,845
403,42
403,57
403,217
403,559
403,568
403,569
403,731
403,790
403,844
404,41
404,57
404,217
404,560
404,567
404,568
404,731
404,790
404,845
405,41
405,56
405,217
405,561
405,566
405,567
405,731
405,790
405,845
406,41
406,56
406,217
406,562
406,565
406,566
406,731
406,790
406,845
407,41
407,56
407,217
407,563
407,564
407,565
407,731
407,790
407,845
408,41
408,56
408,217
408,563
408,564
408,731
408,790
408,845
409,41
409,56
409,217
409,562
409,563
409,565
409,731
409,790
409,845
410,41
410,56
410,217
410,561
410,562
410,566
410,731
410,790
410,845
411,41
411,56
411,217
411,560
411,561
411,567
411,731
411,790
411,845
412,41
412,57
412,217
412,559
412,560
412,568
412,731
412,790
412,845
413,42
413,57
413,217
413,559
413,569
413,731
413,790
413,845
414,42
414,57
414,217
414,558
414,570
414,731
414,790
414,845
415,42
415,57
415,217
415,557
415,571
415,731
415,790
415,845
416,42
416,57
416,217
416,556
416,572
416,731
416,790
416,844
417,42
417,57
417,217
417,555
417,573
417,731
417,791
417,845
418,42
418,58
418,217
418,554
418,574
418,730
418,791
418,845
419,42
419,58
419,217
419,553
419,575
419,730
419,791
419,845
420,43
420,58
420,217
420,552
420,576
420,730
420,791
420,845
421,43
421,58
421,217
421,551
421,577
421,730
421,791
421,845
422,43
422,58
422,217
422,550
422,578
422,730
422,791
422,845
423,43
423,59
423,217
423,549
423,579
423,730
423,791
423,845
424,43
424,59
424,217
424,548
424,580
424,730
424,791
424,845
425,44
425,59
425,217
425,547
425,581
425,729
425,791
425,832
425,845
426,44
426,59
426,60
426,217
426,546
426,582
426,729
426,791
426,832
426,845
427,44
427,60
427,217
427,545
427,583
427,729
427,791
427,832
427,844
428,44
428,60
428,217
428,544
428,584
428,729
428,791
428,844
429,45
429,60
429,61
429,217
429,543
429,585
429,728
429,791
429,844
430,45
430,61
430,217
430,542
430,586
430,728
430,791
430,844
431,45
431,61
431,217
431,541
431,587
431,639
431,728
431,791
431,844
432,46
432,62
432,217
432,540
432,588
432,638
432,727
432,728
432,791
432,844
433,46
433,62
433,115
433,116
433,117
433,118
433,119
433,120
433,121
433,122
433,217
433,539
433,589
433,637
433,727
433,791
433,845
434,46
434,63
434,113
434,114
434,123
434,124
434,125
434,217
434,538
434,590
434,636
434,727
434,791
434,845
435,47
435,63
435,113
435,125
435,217
435,537
435,591
435,635
435,726
435,791
435,845
436,47
436,64
436,112
436,125
436,217
436,536
436,592
436,634
436,726
436,791
436,845
437,47
437,64
437,112
437,125
437,217
437,535
437,593
437,633
437,725
437,791
437,832
437,845
438,48
438,65
438,112
438,126
438,217
438,534
438,594
438,725
438,791
438,832
438,845
439,48
439,65
439,112
439,126
439,217
439,533
439,595
439,724
439,725
439,791
439,832
439,845
440,49
440,66
440,111
440,126
440,217
440,532
440,596
440,724
440,791
440,844
441,49
441,66
441,111
441,126
441,217
441,531
441,597
441,723
441,791
441,845
442,50
442,67
442,111
442,126
442,217
442,530
442,598
442,723
442,791
442,845
443,50
443,68
443,111
443,126
443,217
443,529
443,599
443,722
443,790
443,791
443,845
444,51
444,68
444,111
444,126
444,217
444,528
444,600
444,722
444,790
444,792
444,793
444,794
444,795
444,796
444,797
444,798
444,799
444,800
444,801
444,802
444,803
444,804
444,805
444,806
444,807
444,808
444,809
444,810
444,811
444,812
444,813
444,814
444,815
444,816
444,817
444,818
444,819
444,820
444,821
444,845
445,51
445,69
445,111
445,126
445,217
445,527
445,601
445,721
445,790
445,822
445,823
445,824
445,845
446,52
446,70
446,111
446,126
446,217
446,526
446,602
446,720
446,790
446,845
447,52
447,71
447,111
447,126
447,217
447,525
447,603
447,720
447,790
447,845
448,53
448,71
448,72
448,111
448,126
448,217
448,524
448,604
448,719
448,790
448,832
448,845
449,53
449,72
449,111
449,126
449,217
449,523
449,605
449,718
449,790
449,832
449,845
450,54
450,73
450,111
450,126
450,217
450,522
450,606
450,718
450,790
450,845
451,55
451,74
451,111
451,126
451,217
451,521
451,607
451,717
451,790
451,845
452,55
452,56
452,75
452,112
452,126
452,217
452,520
452,608
452,716
452,790
452,845
453,56
453,76
453,112
453,126
453,217
453,519
453,609
453,715
453,716
453,790
453,845
454,57
454,77
454,78
454,112
454,125
454,217
454,518
454,610
454,714
454,715
454,790
454,845
455,58
455,79
455,112
455,125
455,217
455,517
455,611
455,714
455,790
455,845
456,59
456,80
456,113
456,114
456,115
456,123
456,124
456,217
456,516
456,612
456,713
456,790
456,845
457,59
457,60
457,81
457,116
457,117
457,118
457,119
457,120
457,121
457,122
457,217
457,515
457,613
457,712
457,790
457,791
457,792
457,793
457,794
457,795
457,796
457,797
457,798
457,799
457,800
457,801
457,802
457,803
457,812
457,813
457,814
457,815
457,816
457,817
457,827
457,828
457,829
457,830
457,845
458,60
458,82
458,83
458,217
458,514
458,614
458,711
458,790
458,845
459,61
459,84
459,217
459,513
459,615
459,710
459,790
459,845
460,62
460,85
460,86
460,217
460,512
460,616
460,709
460,790
461,63
461,87
461,217
461,511
461,617
461,618
461,707
461,708
461,790
462,64
462,88
462,89
462,217
462,509
462,510
462,618
462,619
462,706
462,707
462,790
463,65
463,90
463,91
463,217
463,508
463,620
463,705
463,790
464,66
464,92
464,93
464,217
464,507
464,621
464,704
464,790
465,67
465,68
465,94
465,95
465,96
465,217
465,505
465,506
465,622
465,623
465,702
465,703
465,790
466,68
466,69
466,96
466,97
466,98
466,217
466,503
466,504
466,624
466,701
466,790
467,69
467,70
467,99
467,100
467,101
467,217
467,502
467,503
467,625
467,626
467,699
467,700
467,790
468,71
468,102
468,103
468,104
468,105
468,217
468,500
468,501
468,627
468,628
468,698
468,790
469,72
469,106
469,107
469,108
469,109
469,110
469,111
469,112
469,113
469,114
469,115
469,116
469,217
469,498
469,499
469,629
469,696
469,697
469,791
470,73
470,74
470,116
470,117
470,118
470,119
470,120
470,121
470,122
470,123
470,124
470,125
470,126
470,127
470,128
470,129
470,130
470,131
470,132
470,133
470,134
470,135
470,136
470,137
470,138
470,139
470,140
470,141
470,142
470,143
470,144
470,145
470,146
470,147
470,148
470,149
470,150
470,151
470,152
470,153
470,154
470,155
470,156
470,157
470,158
470,159
470,160
470,161
470,162
470,163
470,164
470,165
470,166
470,167
470,168
470,169
470,170
470,171
470,172
470,173
470,174
470,175
470,176
470,177
470,178
470,179
470,180
470,181
470,182
470,183
470,184
470,185
470,186
470,187
470,188
470,189
470,190
470,191
470,192
470,193
470,194
470,195
470,196
470,197
470,198
470,199
470,200
470,201
470,202
470,203
470,204
470,205
470,206
470,207
470,208
470,209
470,210
470,211
470,212
470,213
470,214
470,215
470,216
470,217
470,496
470,497
470,498
470,630
470,631
470,632
470,694
470,695
470,791
471,75
471,218
471,494
471,495
471,496
471,632
471,633
471,634
471,692
471,693
471,791
472,76
472,77
472,219
472,492
472,493
472,494
472,634
472,635
472,636
472,689
472,690
472,691
472,790
473,78
473,220
473,489
473,490
473,491
473,637
473,638
473,639
473,687
473,688
473,689
473,790
474,79
474,80
474,221
474,485
474,486
474,487
474,488
474,639
474,640
474,641
474,642
474,684
474,685
474,686
474,687
474,790
475,81
475,82
475,222
475,481
475,482
475,483
475,484
475,643
475,644
475,645
475,646
475,680
475,681
475,682
475,683
475,790
476,83
476,84
476,223
476,475
476,476
476,477
476,478
476,479
476,480
476,534
476,647
476,648
476,649
476,650
476,651
476,652
476,673
476,674
476,675
476,676
476,677
476,678
476,679
476,790
477,85
477,86
477,224
477,469
477,470
477,471
477,472
477,473
477,474
477,535
477,653
477,654
477,655
477,656
477,657
477,658
477,668
477,669
477,670
477,671
477,672
477,673
477,790
478,87
478,88
478,224
478,225
478,226
478,227
478,228
478,229
478,230
478,231
478,232
478,233
478,234
478,235
478,236
478,237
478,238
478,239
478,240
478,241
478,242
478,243
478,244
478,245
478,246
478,247
478,248
478,249
478,250
478,251
478,252
478,253
478,254
478,255
478,256
478,257
478,258
478,259
478,260
478,261
478,262
478,263
478,264
478,265
478,266
478,267
478,268
478,269
478,270
478,271
478,272
478,273
478,274
478,275
478,276
478,277
478,278
478,279
478,280
478,281
478,282
478,283
478,284
478,285
478,286
478,287
478,288
478,289
478,290
478,291
478,292
478,293
478,294
478,295
478,296
478,297
478,298
478,299
478,300
478,301
478,302
478,303
478,304
478,305
478,306
478,307
478,308
478,309
478,310
478,311
478,312
478,313
478,314
478,315
478,316
478,317
478,318
478,319
478,320
478,321
478,322
478,323
478,324
478,325
478,326
478,327
478,328
478,329
478,330
478,331
478,332
478,333
478,334
478,335
478,336
478,337
478,338
478,339
478,340
478,341
478,342
478,343
478,344
478,345
478,346
478,347
478,348
478,349
478,350
478,351
478,352
478,353
478,354
478,355
478,356
478,357
478,358
478,359
478,360
478,361
478,362
478,363
478,364
478,365
478,366
478,367
478,368
478,369
478,370
478,371
478,372
478,373
478,374
478,375
478,376
478,377
478,378
478,379
478,380
478,381
478,382
478,383
478,384
478,385
478,386
478,387
478,388
478,389
478,390
478,391
478,392
478,393
478,394
478,395
478,396
478,397
478,398
478,399
478,400
478,401
478,402
478,403
478,404
478,405
478,406
478,407
478,408
478,409
478,410
478,411
478,412
478,413
478,414
478,415
478,416
478,417
478,418
478,419
478,420
478,421
478,422
478,423
478,424
478,425
478,426
478,427
478,428
478,429
478,430
478,431
478,432
478,433
478,434
478,435
478,436
478,437
478,438
478,439
478,440
478,441
478,442
478,443
478,444
478,445
478,446
478,447
478,448
478,449
478,450
478,451
478,452
478,453
478,454
478,455
478,456
478,457
478,458
478,459
478,460
478,461
478,462
478,463
478,464
478,465
478,466
478,467
478,468
478,536
478,659
478,660
478,661
478,662
478,663
478,664
478,665
478,666
478,667
478,790
479,89
479,90
479,223
479,224
479,537
479,790
480,91
480,92
480,93
480,222
480,223
480,538
480,790
481,94
481,95
481,96
481,221
481,222
481,539
481,790
482,96
482,97
482,98
482,99
482,100
482,221
482,540
482,790
483,100
483,101
483,102
483,103
483,219
483,220
483,540
483,790
484,104
484,105
484,106
484,107
484,108
484,109
484,110
484,218
484,219
484,790
485,111
485,112
485,113
485,114
485,115
485,116
485,117
485,118
485,119
485,120
485,121
485,122
485,123
485,124
485,125
485,126
485,127
485,128
485,129
485,130
485,131
485,132
485,133
485,134
485,135
485,136
485,137
485,138
485,139
485,140
485,141
485,142
485,143
485,144
485,145
485,146
485,147
485,148
485,149
485,150
485,151
485,152
485,153
485,154
485,155
485,156
485,157
485,158
485,159
485,160
485,161
485,162
485,163
485,164
485,165
485,166
485,167
485,168
485,169
485,170
485,171
485,172
485,173
485,174
485,175
485,176
485,177
485,178
485,179
485,180
485,181
485,182
485,183
485,184
485,185
485,186
485,187
485,188
485,189
485,190
485,191
485,192
485,193
485,194
485,195
485,196
485,197
485,198
485,199
485,200
485,201
485,202
485,203
485,204
485,205
485,206
485,207
485,208
485,209
485,210
485,211
485,212
485,213
485,214
485,215
485,216
485,217
485,218
485,790
486,217
486,790
487,217
487,790
488,217
488,790
489,217
489,790
490,218
490,790
491,218
491,790
492,218
492,790
493,218
493,790
494,218
494,789
495,218
495,789
496,219
496,220
496,221
496,222
496,223
496,224
496,225
496,226
496,227
496,228
496,229
496,230
496,231
496,232
496,233
496,234
496,235
496,236
496,237
496,238
496,239
496,240
496,241
496,244
496,245
496,246
496,247
496,248
496,249
496,250
496,251
496,252
496,253
496,254
496,255
496,256
496,257
496,258
496,259
496,260
496,261
496,262
496,263
496,264
496,265
496,266
496,267
496,270
496,271
496,272
496,273
496,274
496,275
496,276
496,277
496,278
496,279
496,280
496,281
496,282
496,283
496,284
496,285
496,286
496,287
496,288
496,289
496,290
496,291
496,292
496,293
496,294
496,295
496,296
496,297
496,298
496,299
496,300
496,301
496,302
496,303
496,304
496,305
496,306
496,307
496,308
496,309
496,310
496,334
496,335
496,336
496,337
496,338
496,339
496,340
496,341
496,342
496,343
496,344
496,345
496,346
496,347
496,348
496,349
496,350
496,351
496,352
496,353
496,354
496,355
496,356
496,357
496,358
496,359
496,360
496,364
496,365
496,366
496,367
496,368
496,369
496,370
496,371
496,372
496,373
496,374
496,375
496,376
496,377
496,378
496,379
496,380
496,381
496,382
496,383
496,384
496,385
496,386
496,387
496,388
496,389
496,390
496,391
496,392
496,393
496,394
496,395
496,396
496,397
496,398
496,431
496,432
496,433
496,434
496,435
496,436
496,437
496,438
496,439
496,440
496,441
496,455
496,456
496,457
496,458
496,459
496,460
496,461
496,462
496,463
496,464
496,465
496,466
496,467
496,468
496,469
496,470
496,471
496,472
496,473
496,474
496,475
496,490
496,491
496,492
496,493
496,494
496,495
496,496
496,497
496,498
496,499
496,500
496,501
496,502
496,503
496,504
496,505
496,506
496,507
496,508
496,509
496,510
496,511
496,512
496,513
496,514
496,515
496,516
496,517
496,518
496,519
496,520
496,521
496,522
496,523
496,524
496,525
496,526
496,527
496,528
496,529
496,530
496,549
496,550
496,551
496,552
496,553
496,554
496,555
496,556
496,557
496,558
496,559
496,560
496,561
496,562
496,563
496,564
496,565
496,566
496,567
496,568
496,569
496,570
496,571
496,572
496,573
496,574
496,575
496,576
496,577
496,578
496,579
496,580
496,581
496,582
496,583
496,584
496,585
496,621
496,622
496,623
496,624
496,625
496,626
496,627
496,628
496,629
496,630
496,631
496,632
496,640
496,641
496,642
496,643
496,644
496,645
496,646
496,647
496,648
496,649
496,650
496,651
496,652
496,653
496,767
496,768
496,769
496,770
496,771
496,772
496,773
496,774
496,775
496,776
496,787
496,788
497,242
497,243
497,268
497,269
497,311
497,312
497,313
497,314
497,315
497,316
497,317
497,318
497,319
497,320
497,321
497,322
497,323
497,324
497,325
497,326
497,327
497,328
497,329
497,330
497,331
497,332
497,333
497,361
497,362
497,363
497,399
497,400
497,401
497,402
497,403
497,404
497,405
497,406
497,407
497,408
497,409
497,410
497,411
497,412
497,413
497,414
497,415
497,416
497,417
497,418
497,419
497,420
497,421
497,422
497,423
497,424
497,425
497,426
497,427
497,428
497,429
497,430
497,442
497,443
497,444
497,445
497,446
497,447
497,448
497,449
497,450
497,451
497,452
497,453
497,454
497,476
497,477
497,478
497,479
497,480
497,481
497,482
497,483
497,484
497,485
497,486
497,487
497,488
497,489
497,531
497,532
497,533
497,534
497,535
497,536
497,537
497,538
497,539
497,542
497,543
497,544
497,545
497,546
497,547
497,548
497,586
497,587
497,588
497,589
497,590
497,591
497,592
497,593
497,594
497,595
497,596
497,597
497,598
497,599
497,600
497,601
497,602
497,603
497,604
497,605
497,606
497,607
497,608
497,609
497,610
497,611
497,612
497,613
497,614
497,615
497,616
497,617
497,618
497,619
497,620
497,633
497,634
497,635
497,636
497,637
497,638
497,639
497,654
497,655
497,656
497,657
497,658
497,659
497,660
497,661
497,662
497,663
497,664
497,665
497,666
497,667
497,668
497,669
497,670
497,671
497,672
497,673
497,674
497,675
497,676
497,677
497,678
497,679
497,680
497,681
497,682
497,683
497,684
497,685
497,686
497,687
497,688
497,689
497,690
497,691
497,692
497,693
497,694
497,695
497,696
497,697
497,698
497,699
497,700
497,701
497,702
497,703
497,704
497,705
497,706
497,707
497,708
497,709
497,710
497,711
497,712
497,713
497,714
497,715
497,716
497,717
497,718
497,719
497,720
497,721
497,722
497,723
497,724
497,725
497,726
497,727
497,728
497,729
497,730
497,731
497,732
497,733
497,734
497,735
497,736
497,737
497,738
497,739
497,740
497,741
497,742
497,743
497,744
497,745
497,746
497,747
497,748
497,749
497,750
497,751
497,752
497,753
497,754
497,755
497,756
497,757
497,758
497,759
497,760
497,761
497,762
497,763
497,764
497,765
497,766
497,777
497,778
497,779
497,780
497,781
497,782
497,783
497,784
497,785
497,786
498,243
498,430
498,539
498,540
498,541
499,244
499,431
499,539
500,244
500,431
500,539
501,244
501,431
501,539
502,244
502,431
502,539
503,244
503,431
503,539
504,221
504,222
504,223
504,224
504,225
504,243
504,244
504,245
504,246
504,429
504,430
504,431
504,432
504,433
504,539
504,540
